x, y
0.931539923,40.32995677
2.104380493,30.25365028
3.185268083,42.05159912
4.188331246,47.62588684
5.336322156,47.64765255
6.297068487,36.40141197
7.498810128,47.38500649
8.594348608,47.75244953
9.661035988,59.58451899
10.63812279,26.61490805
11.81144987,41.11293793
12.96918038,54.72194609
13.99000583,50.98286066
15.12046357,39.85552457
16.24276003,36.56734726
17.22361822,43.85104967
18.31479509,45.31581275
19.34583156,36.17089679
20.46392104,38.08313221
21.62137624,49.69760247
22.58159552,43.05077394
23.69953603,37.14117406
24.76380973,26.28501562
25.91813279,37.65387989
27.00563822,37.60210609
0.940248053,37.81211651
1.998840154,27.46956044
3.114284007,30.64655508
4.216157472,41.57872864
5.255729532,38.96715066
6.47337982,37.21399634
7.504759489,40.25792692
8.623020567,40.50161258
9.678250477,41.36455943
10.71822513,28.27822895
11.74189043,23.94920791
12.9673984,41.96684996
14.02287534,37.1709508
15.06826759,43.13736825
16.14080062,49.62612211
17.28661733,26.5956006
18.42231729,46.45908776
19.46175452,35.08427161
20.51999023,41.76471754
21.55914838,35.75318961
22.70579856,44.37211358
23.71865696,35.24920047
24.87882944,32.92364224
25.84948603,31.14345865
26.98684164,37.26884152